the_geom,OBJECTID,Residental Parking Zone
"MULTIPOLYGON (((-90.133551671519 29.925908211019, -90.133601739396 29.925838476271, -90.133604749587 29.926024844997, -90.133605564616 29.926606333532, -90.133601470431 29.926695323347, -90.133599392507 29.927125063517, -90.13358908624 29.927220203986, -90.133582868352 29.92724777885, -90.133572422756 29.927294104012, -90.133578696224 29.927412959125, -90.133582966123 29.927493842926, -90.133585587186 29.927623313697, -90.133588418772 29.927748369088, -90.133591244099 29.927858176802, -90.133598337849 29.928594966655, -90.133599514688 29.928644414851, -90.133602122106 29.928753999519, -90.133606185017 29.928879080556, -90.133611419293 29.92898487186, -90.133611920449 29.929014443271, -90.133617388046 29.929529526891, -90.133621874848 29.930470119103, -90.13362189715 29.930473606408, -90.133627035432 29.931551999536, -90.133633566953 29.932921145522, -90.133637129303 29.933667912864, -90.133637162777 29.933675038042, -90.133633498899 29.933796630001, -90.133632992923 29.933904988046, -90.13363155322 29.934212954892, -90.133641035813 29.934525309604, -90.133641636152 29.934545081928, -90.133642467763 29.934556645211, -90.133661764813 29.934825094204, -90.133694687044 29.935103782273, -90.133710743502 29.935231811866, -90.13305536273 29.935845179124, -90.132962576118 29.935940893187, -90.132593691208 29.936290523339, -90.132496989927 29.936376871438, -90.132310308723 29.936550259439, -90.131743884414 29.937076343535, -90.131654737741 29.937166024268, -90.130993402494 29.937784766455, -90.130787318735 29.937978523163, -90.130240463421 29.938487916217, -90.130187163769 29.938535080712, -90.129844683558 29.938845715942, -90.129491086788 29.939189674197, -90.128691913943 29.938542447929, -90.128576120884 29.938450352222, -90.1283850141 29.938307043851, -90.128327315659 29.93825962495, -90.128228540882 29.938178448345, -90.127711920748 29.937803534829, -90.127682182765 29.937782118661, -90.127622952565 29.937738410693, -90.1273301403 29.937522333445, -90.126973186486 29.937265796251, -90.126926131762 29.937232462417, -90.126895718208 29.937210916267, -90.126862736899 29.937187552037, -90.126214068969 29.936728023378, -90.126157464165 29.936688836415, -90.126007586618 29.936585077433, -90.125459180353 29.93619174464, -90.125494000656 29.936146985527, -90.125516610528 29.9361179222, -90.125807953323 29.935753780569, -90.125807979621 29.935753747428, -90.125809944357 29.935751292461, -90.125930733877 29.935600320125, -90.126433679106 29.9349624773, -90.126682949506 29.934645022288, -90.126861072028 29.934420426433, -90.127046360487 29.934177611539, -90.127069465528 29.934151299763, -90.127655416127 29.93340576942, -90.12826253363 29.932635980052, -90.128881360974 29.931857031046, -90.128912489913 29.931816622052, -90.129478743387 29.931096430854, -90.130094766534 29.930319093449, -90.130698055763 29.929546679297, -90.131030325656 29.929127002876, -90.131254665988 29.928846258432, -90.131312652509 29.928781693587, -90.131874158155 29.928061265574, -90.131937744254 29.927968230427, -90.132592101221 29.92714721094, -90.133153344838 29.926431186075, -90.133228425452 29.926330867748, -90.133469234092 29.926023028867, -90.133551671519 29.925908211019)))",203,ZONE 4
"MULTIPOLYGON (((-90.132768774192 29.944581199405, -90.132817313877 29.944535464685, -90.132872076897 29.944579785376, -90.133127169464 29.944790194317, -90.133219437883 29.944864610522, -90.133219777488 29.944864885189, -90.133572540675 29.94514939415, -90.133599618029 29.945171632763, -90.13370185348 29.94525559932, -90.133761251469 29.945304381883, -90.134190593662 29.945656996953, -90.134195736301 29.945661221118, -90.134467256809 29.945878103494, -90.134468488175 29.945879087311, -90.13457495777 29.945959116551, -90.134239988537 29.94626834549, -90.133817339818 29.946664969332, -90.133688385456 29.946787142041, -90.133070107256 29.947372901021, -90.132489242833 29.947910676391, -90.132308667151 29.948077855001, -90.132165986744 29.947965525801, -90.132093690084 29.947907065723, -90.131518269582 29.947441773519, -90.131433586974 29.947374817371, -90.131284952942 29.947257296441, -90.131021652943 29.947043692741, -90.130883461837 29.946931579063, -90.130882564144 29.946930848178, -90.130761009284 29.946832242024, -90.130631074656 29.946726830371, -90.130548939007 29.946658730342, -90.130598288622 29.946612409274, -90.13130516923 29.945947545934, -90.131523141335 29.945743512474, -90.132004954082 29.94529250692, -90.132060513844 29.945240354096, -90.132107527523 29.945197255535, -90.132494059521 29.944837140766, -90.132666723143 29.944676276526, -90.132768774192 29.944581199405)))",197,ZONE 14
"MULTIPOLYGON (((-90.114292305032 29.9478131097, -90.114348142407 29.947723336841, -90.114350864688 29.947729980786, -90.114377773167 29.947790519467, -90.114468965036 29.947995678552, -90.114513815483 29.948096579339, -90.114449742717 29.948205270518, -90.114256258151 29.948531041616, -90.114162432206 29.948690204433, -90.114073743641 29.948840036159, -90.113992394006 29.948976810266, -90.11391104417 29.949113582517, -90.113823089042 29.949262171288, -90.113744662711 29.949394595642, -90.113653782051 29.949547533875, -90.113571690461 29.949686175666, -90.1132807462 29.94955264025, -90.113300962567 29.949518633378, -90.113386750804 29.949371274442, -90.113471813271 29.949224533062, -90.113557584672 29.949078425244, -90.113642646627 29.948931684648, -90.113728432819 29.948784325469, -90.113826688 29.948615202844, -90.113912467044 29.948468468719, -90.113997535586 29.948321103613, -90.11410385244 29.94813830287, -90.114210904127 29.947954258366, -90.114292305032 29.9478131097)))",204,ZONE 18
"MULTIPOLYGON (((-90.03892956673 29.926948168546, -90.038922204283 29.926961823592, -90.038863264389 29.927071132121, -90.038767644629 29.927249905361, -90.038762852737 29.92725735216, -90.038753549402 29.927276258045, -90.038713651023 29.927357725994, -90.038657817248 29.927471730451, -90.038613255254 29.92756271976, -90.03856470845 29.927669276677, -90.038525421355 29.927748552742, -90.038477270357 29.927838798424, -90.038413270342 29.927949080977, -90.03836151059 29.928031566165, -90.038249735886 29.92819322521, -90.038189706244 29.928272333052, -90.038148841151 29.928323186629, -90.038105199321 29.928372258911, -90.037973727841 29.928446519259, -90.037626058679 29.928642895935, -90.037585609454 29.928664235946, -90.037296126287 29.928816960067, -90.037096974014 29.928922167915, -90.036999072365 29.928963947434, -90.036875497361 29.929016682319, -90.036696992638 29.929111902318, -90.036628206465 29.92915066456, -90.036564182692 29.92919518756, -90.03650555165 29.929245030033, -90.036452895666 29.929299698789, -90.036406735539 29.929358653119, -90.036367526326 29.929421310162, -90.036335657285 29.929487049415, -90.036311922676 29.929553577116, -90.036299187506 29.929619865903, -90.036290551967 29.929678834685, -90.036281048079 29.929800077021, -90.036270178314 29.929929019085, -90.036225152771 29.929940254554, -90.035919038234 29.930020180045, -90.035811559071 29.930045837848, -90.035791192305 29.930050075955, -90.035649566926 29.930079548003, -90.035558647127 29.930095915341, -90.035453152438 29.930112572797, -90.035311071444 29.930130469737, -90.035168233843 29.930142981742, -90.035024907197 29.930150086189, -90.034881361024 29.930151769495, -90.034682253576 29.930147251666, -90.034381934143 29.930155828896, -90.034298592059 29.930142445035, -90.034175147778 29.930119899885, -90.034052233768 29.930094261583, -90.033885785478 29.930054882483, -90.033687685798 29.929992320645, -90.033608388749 29.929964389885, -90.03352989645 29.929934481212, -90.033452256786 29.929902815243, -90.033375527015 29.929868654519, -90.033299751851 29.929832463232, -90.033119905248 29.929736753279, -90.033081757031 29.929716447673, -90.032984166638 29.929664501395, -90.032897650134 29.929609395718, -90.032749106555 29.929509749676, -90.032595557001 29.929400654486, -90.032584257197 29.929392306258, -90.032452725527 29.929295131487, -90.032372246907 29.929233393292, -90.032289142629 29.929174352021, -90.032203531717 29.929118094559, -90.03228023498 29.928986077662, -90.032339558191 29.928878758028, -90.032406612459 29.928757466128, -90.032447920535 29.9286827203, -90.032458805761 29.928663027505, -90.032483185913 29.928620425991, -90.032520963912 29.928554414049, -90.032715386615 29.928206380428, -90.032867102834 29.927934794718, -90.032925498025 29.927832540712, -90.033143680598 29.927433362678, -90.033335392327 29.92709312642, -90.033338679904 29.927042951357, -90.034013200063 29.92641294373, -90.033997620935 29.926400430137, -90.03592533616 29.924549383581, -90.036790098064 29.925245869108, -90.037143705389 29.925523347167, -90.037165262629 29.925536074475, -90.03718879804 29.925545785253, -90.037213759405 29.925552251205, -90.03729036008 29.925539562641, -90.037340537875 29.925532213884, -90.037391356901 29.925527251519, -90.037420406255 29.925526797869, -90.037461938722 29.925529789215, -90.037492629189 29.925534807528, -90.037530959356 29.925544633309, -90.037568846851 29.925558798075, -90.037617391222 29.925582085634, -90.037649806558 29.925601206583, -90.037683899935 29.925625589643, -90.037692077184 29.925631437267, -90.03811574679 29.926035295681, -90.038128444322 29.9260468881, -90.038879004999 29.926745081557, -90.038940928669 29.926802470288, -90.038931265681 29.926933135096, -90.03892956673 29.926948168546)))",202,ZONE 13
"MULTIPOLYGON (((-90.087975463023 29.92223372417, -90.08836588609 29.922089810508, -90.088598697666 29.922566653665, -90.088633122172 29.922637893808, -90.088658686638 29.922690798889, -90.088824746583 29.923031895562, -90.088845454431 29.923074429531, -90.08890631382 29.923202414634, -90.088955288635 29.923308917055, -90.088983081804 29.923365442144, -90.089079537882 29.923561613399, -90.089091631821 29.923586591453, -90.089226965826 29.923866099404, -90.089286102913 29.923989577621, -90.089737158852 29.924925740642, -90.089762011788 29.924977322401, -90.090108544524 29.925692341797, -90.090130887038 29.92573844036, -90.090370875132 29.926228737811, -90.090398073832 29.926284305096, -90.090445356749 29.926377118515, -90.090475377625 29.92643604799, -90.090524254721 29.926539096898, -90.090711832981 29.926934573082, -90.090742609699 29.92699945893, -90.09075471482 29.927021442418, -90.091064518245 29.927637129333, -90.091325692083 29.928210037241, -90.091327941183 29.928215002693, -90.091399058924 29.928360750807, -90.091347273679 29.928378970529, -90.090669114154 29.9286231856, -90.0903955315 29.928725858647, -90.090322325141 29.928756310998, -90.09020659987 29.928804451218, -90.09020649575 29.928804494443, -90.090154315481 29.928826200691, -90.08945557635 29.929122040028, -90.089402518292 29.929144503673, -90.089402771651 29.929144952673, -90.089355565756 29.929170589741, -90.089021897626 29.929355334167, -90.088970246154 29.92938393257, -90.088928617571 29.929405444922, -90.088653987565 29.929556731026, -90.088572485863 29.929602908277, -90.088216567444 29.92980732257, -90.088163082576 29.929838040688, -90.08749674678 29.930205811626, -90.087406450945 29.93025554808, -90.087348782253 29.930287313431, -90.087322764427 29.930301652444, -90.087124809606 29.930412331371, -90.086734047991 29.930634086284, -90.086697566244 29.930654789589, -90.08666871268 29.930671321988, -90.086106984903 29.930987664915, -90.086047376189 29.931021177874, -90.085200941713 29.931500064225, -90.085147893691 29.931530077022, -90.084896174216 29.931673084548, -90.084395031778 29.931952466028, -90.084339930709 29.931983184404, -90.083587489641 29.932403097105, -90.083532003796 29.932434061408, -90.082859654654 29.932807676874, -90.082777167573 29.932853446925, -90.082720933446 29.932884650084, -90.082688848688 29.932903668122, -90.082505901197 29.933012377925, -90.082237686244 29.933171753316, -90.08217525561 29.933208628278, -90.082158244057 29.933218676118, -90.082058922287 29.93327883948, -90.081710818356 29.933506490733, -90.081710492546 29.933506699657, -90.081673758545 29.933530251129, -90.081499002085 29.933642296329, -90.08138661092 29.933714356131, -90.081047606825 29.933935015155, -90.081043768662 29.933937512982, -90.08074999723 29.934128728986, -90.080729582774 29.934142224144, -90.080651933743 29.934193067065, -90.080616266603 29.934008125842, -90.08054710267 29.933928567243, -90.080343380502 29.933694225341, -90.080234824298 29.933569353119, -90.079969351844 29.933263975408, -90.079725447769 29.932983407374, -90.079674455125 29.93292365036, -90.079121510667 29.932275659252, -90.079017020121 29.93215029332, -90.078803094669 29.931902363285, -90.07876939301 29.931863823428, -90.078232335953 29.931249654731, -90.078193935485 29.931204990662, -90.077544038205 29.930449081961, -90.077510070117 29.930409895931, -90.077106133815 29.929943906904, -90.076850604002 29.929649119481, -90.076798810982 29.929588703141, -90.076098789644 29.928775900695, -90.077037520398 29.928162328894, -90.07789624404 29.927598029148, -90.077964570427 29.927551618151, -90.078021596439 29.927515230433, -90.078584236523 29.927200660107, -90.078733075809 29.927118506087, -90.079395595247 29.926744822464, -90.080197895376 29.926295615185, -90.081012069526 29.925842048252, -90.081858622325 29.92536656243, -90.083213965492 29.92460902971, -90.084022648816 29.924156825769, -90.084833506871 29.923701742284, -90.085634340605 29.923251633808, -90.085745475974 29.923188528486, -90.085948699103 29.923077786125, -90.086049534307 29.923024312527, -90.086197979643 29.922958679772, -90.086740211763 29.922724421686, -90.087289018306 29.92248634858, -90.087975463023 29.92223372417)))",189,ZONE 5
"MULTIPOLYGON (((-90.118024348616 29.931240600037, -90.118049862268 29.931177316261, -90.118120548404 29.931220740202, -90.119210018903 29.9319991674, -90.119218239386 29.932003679515, -90.119259904191 29.932034762294, -90.119283410708 29.93205229927, -90.119635894329 29.932293389445, -90.119680359144 29.932323802303, -90.119993327139 29.932546982242, -90.120458068213 29.932879823438, -90.120524076305 29.932927106862, -90.120565055829 29.932957023537, -90.120617439953 29.932993691131, -90.120580063892 29.933059524887, -90.120565068999 29.93308593647, -90.120494720347 29.933223381795, -90.120412488672 29.933386436387, -90.120412013037 29.933387388362, -90.120317940565 29.933576658883, -90.120253361073 29.933706597517, -90.12020187183 29.933808398198, -90.120008285243 29.934191142676, -90.119999259808 29.934209795067, -90.11996701298 29.934276441942, -90.11975070687 29.93470220305, -90.11970169513 29.934789889403, -90.119497690898 29.935197087489, -90.119305826482 29.935575085755, -90.119154398347 29.935888218765, -90.118859983923 29.9364655298, -90.118506756355 29.937165615161, -90.118417774304 29.937350635802, -90.119073386711 29.937616637833, -90.117288071849 29.941147272536, -90.11704273719 29.941037200477, -90.116715318697 29.940893537841, -90.116638879126 29.940858849535, -90.116542843468 29.940815268058, -90.115882499277 29.94054890312, -90.115773240493 29.940507447961, -90.115390232483 29.940361553295, -90.115157500334 29.940266711133, -90.115056371159 29.94023195569, -90.114995072283 29.940198582216, -90.114937705006 29.940160271152, -90.114884790269 29.940117372878, -90.114836812265 29.940070278037, -90.114794206034 29.940019414711, -90.114757360612 29.93996524574, -90.114726610781 29.939908265042, -90.114702237152 29.939848991293, -90.114771521876 29.939720477568, -90.114820315204 29.939579288116, -90.114878290771 29.939420878987, -90.115036368304 29.939020118774, -90.115054850754 29.938967710892, -90.11508816941 29.938885023637, -90.115423538554 29.938017843103, -90.115492202673 29.937826169211, -90.115527905894 29.937731034244, -90.115564498266 29.93763645966, -90.115744584809 29.937187841581, -90.115904706876 29.93675748993, -90.116003470583 29.936508120832, -90.116051843279 29.93639078367, -90.116092866793 29.936279684153, -90.116589117298 29.934996042481, -90.117024579142 29.933846326333, -90.117078733499 29.933691088264, -90.117115630617 29.933625665179, -90.117481345841 29.932682397908, -90.117576723455 29.932426922484, -90.1176446685 29.93223800969, -90.11769617614 29.932101850642, -90.117866673027 29.931651183065, -90.118004921478 29.931285683479, -90.118024348616 29.931240600037)))",192,ZONE 7
"MULTIPOLYGON (((-90.056866014709 29.961357492937, -90.056924891999 29.961402220901, -90.05707225324 29.961514167731, -90.057228311103 29.961622079151, -90.057626368831 29.961895464905, -90.0579727413 29.962135079756, -90.058976485155 29.962827498148, -90.059877560889 29.963451296833, -90.060782230545 29.964074151337, -90.061683180594 29.964693633393, -90.062572393057 29.96531134831, -90.062659377754 29.965371385179, -90.063480258027 29.965936369152, -90.063610413723 29.966025425251, -90.062603362531 29.967148951924, -90.062457029513 29.967311854265, -90.062365028467 29.967414213035, -90.06227300156 29.967516553447, -90.062152096621 29.967634460671, -90.062056905232 29.967718459667, -90.061966490715 29.967788225195, -90.061905955958 29.967831616724, -90.061803641001 29.967900993793, -90.061752660417 29.967932734176, -90.061647477657 29.967992139971, -90.061529074112 29.968047194592, -90.061342527918 29.968131529097, -90.061239552194 29.968170348131, -90.061209296108 29.968185489163, -90.061092531832 29.968243922742, -90.060801020143 29.968285114919, -90.060585439721 29.968305855623, -90.060491768914 29.96831315634, -90.060411912866 29.968316333006, -90.060317321354 29.9683211562, -90.059363991465 29.968379612461, -90.059298136181 29.968383896585, -90.059286500669 29.968387686075, -90.059279463352 29.968385111559, -90.058245802192 29.968592128604, -90.058161584172 29.968606830002, -90.05806639592 29.968623446934, -90.057878540415 29.968636340851, -90.057110040273 29.968683174837, -90.056992381567 29.968697078425, -90.056862620671 29.968717622208, -90.056730739436 29.968738501675, -90.056714944481 29.968553596636, -90.056708838632 29.968482120689, -90.056655821147 29.967813967041, -90.056648320772 29.967728066273, -90.056633525053 29.96755862695, -90.056628290474 29.967498673669, -90.056573396669 29.96681892249, -90.05655816585 29.966645365656, -90.056551131638 29.966576654121, -90.056544592909 29.966512787844, -90.056530399709 29.966340099987, -90.056524357564 29.966266581981, -90.056523172004 29.966252990146, -90.056496818789 29.965950934752, -90.056479238443 29.965749420311, -90.056470398309 29.965659086492, -90.056465431348 29.965591759168, -90.056460280814 29.965521935402, -90.056385740374 29.964605504014, -90.056348902073 29.964174057492, -90.056310936537 29.963697938798, -90.056306106417 29.963622203107, -90.056301749963 29.96355390547, -90.05625924644 29.963034720828, -90.056226882395 29.962639378747, -90.0561841844 29.962084936646, -90.056178956512 29.96203162737, -90.056176191394 29.9619512165, -90.056174223197 29.961784508905, -90.056174275576 29.961784464302, -90.056123532994 29.961096346555, -90.056117102991 29.960840216369, -90.056866014709 29.961357492937)))",201,ZONE 11
"MULTIPOLYGON (((-90.12145967776 29.933357454676, -90.121370337176 29.933520698792, -90.121344671237 29.933502733595, -90.120617439953 29.932993691131, -90.120565055829 29.932957023537, -90.120524076305 29.932927106862, -90.120458068213 29.932879823438, -90.119993327139 29.932546982242, -90.119680359144 29.932323802303, -90.119635894329 29.932293389445, -90.119283410708 29.93205229927, -90.119259904191 29.932034762294, -90.119218239386 29.932003679515, -90.119210018903 29.9319991674, -90.118120548404 29.931220740202, -90.118049862268 29.931177316261, -90.117973200594 29.931130222755, -90.117462084536 29.930816380616, -90.117421676597 29.930791473786, -90.117385991626 29.930770685055, -90.117355889543 29.93075314902, -90.117189131122 29.930654425948, -90.117145702384 29.930630490774, -90.117078624947 29.930593521713, -90.116916578412 29.930506154876, -90.116652921164 29.930367485799, -90.116555929749 29.930313406047, -90.116555211807 29.930313075507, -90.116311716989 29.930201157397, -90.115970803736 29.930040623087, -90.115776377217 29.929950868325, -90.115685776263 29.929907859651, -90.1157548784 29.929727415039, -90.115838599173 29.929437744021, -90.115926458057 29.92909758922, -90.116018757371 29.92874023839, -90.116041979137 29.928667974651, -90.116254386256 29.927828624758, -90.11628253714 29.927748536446, -90.116411382779 29.927246622988, -90.11651616956 29.926838442099, -90.116561814436 29.9266699953, -90.116596954997 29.926540311162, -90.116618226888 29.926461811123, -90.116620475253 29.926453511577, -90.116639981414 29.926381527329, -90.116691439197 29.926191626943, -90.116740818825 29.926006159808, -90.116764148189 29.925928032443, -90.117590273169 29.926096665323, -90.117714491458 29.926120925643, -90.117826613004 29.92614304857, -90.118579729405 29.92628653036, -90.11866106779 29.92630490375, -90.11874720838 29.926324361698, -90.118955047916 29.926364496185, -90.119081414012 29.926384757417, -90.119151097376 29.926401213954, -90.119221694843 29.926422226116, -90.119321045497 29.926449566566, -90.119722033792 29.926572620411, -90.119822786967 29.926598530757, -90.119922205093 29.926624097593, -90.120037827582 29.926659855601, -90.120285969227 29.926733708705, -90.120409246287 29.926771527282, -90.120531817132 29.926810956924, -90.120555165869 29.926818550599, -90.120912912938 29.92693186858, -90.121338310097 29.927098966291, -90.121433078457 29.927133483437, -90.121524190113 29.927166669425, -90.122375541722 29.927512747816, -90.122376014824 29.927512939834, -90.123226733798 29.927857685962, -90.123325497453 29.927898022657, -90.124168998241 29.928243617393, -90.124167896455 29.928245643592, -90.123717586526 29.929074174958, -90.123264439277 29.929923121313, -90.122799595337 29.930772119049, -90.122350264228 29.931632238918, -90.121989022115 29.932331678882, -90.12145967776 29.933357454676)))",191,ZONE 10
"MULTIPOLYGON (((-90.13305536273 29.935845179124, -90.133710743502 29.935231811866, -90.133773060244 29.935728706687, -90.133774323843 29.93573768452, -90.133813613781 29.936016931315, -90.133814117698 29.936020511427, -90.13386036548 29.936368746203, -90.133865105276 29.93641627261, -90.133874579777 29.93651131906, -90.13388207763 29.936560096734, -90.133882472478 29.936562668066, -90.133891177585 29.936628130764, -90.133950858794 29.937076920903, -90.133987832552 29.937354951927, -90.133991859162 29.937385288048, -90.133998344821 29.937433999641, -90.134018532357 29.937585806147, -90.134074091202 29.938072403299, -90.134075146361 29.9380808009, -90.134088772984 29.938189308457, -90.134175903322 29.93883881928, -90.134188261379 29.938932911237, -90.134207906479 29.939082493261, -90.134207920748 29.939082598952, -90.134219475891 29.939174891766, -90.134335014278 29.940097796204, -90.134337959621 29.94011588648, -90.134355885535 29.940225977764, -90.13435643444 29.940230214199, -90.134379581287 29.940408699258, -90.134395691427 29.940542234523, -90.134403046565 29.940603196278, -90.134414786215 29.940695078418, -90.134426443508 29.940786315617, -90.13445175006 29.940974670813, -90.134488997385 29.941251896528, -90.134491155687 29.941272728703, -90.13450594237 29.941415475316, -90.134568758727 29.941878069465, -90.134649260399 29.942470893814, -90.134668413239 29.942620347596, -90.134687999941 29.942773186861, -90.134689421129 29.942785532309, -90.134647833924 29.942824323482, -90.134350708816 29.943101467976, -90.134238913432 29.9430249772, -90.134134812214 29.942953750559, -90.134096943338 29.942927840875, -90.133892458876 29.942761219915, -90.133789331547 29.942677187583, -90.133753474059 29.942647193722, -90.133646378662 29.942557609799, -90.13336955283 29.942326049386, -90.132984995333 29.94202441771, -90.132959416672 29.942004355258, -90.132658850016 29.941760400279, -90.132616342005 29.941725619555, -90.131852312753 29.941100478313, -90.131810688397 29.941066948656, -90.131040885912 29.940446851912, -90.130996300885 29.940410785846, -90.13024139501 29.939800116937, -90.129491086788 29.939189674197, -90.129844683558 29.938845715942, -90.130187163769 29.938535080712, -90.130240463421 29.938487916217, -90.130787318735 29.937978523163, -90.130993402494 29.937784766455, -90.131654737741 29.937166024268, -90.131743884414 29.937076343535, -90.132310308723 29.936550259439, -90.132496989927 29.936376871438, -90.132593691208 29.936290523339, -90.132962576118 29.935940893187, -90.13305536273 29.935845179124)))",196,ZONE 15
"MULTIPOLYGON (((-90.080086527569 29.973803699822, -90.080239960328 29.973910078697, -90.080626933557 29.974178237137, -90.081076450846 29.974487936985, -90.081597148909 29.974851142924, -90.082572163974 29.975524706812, -90.083540553572 29.976204387824, -90.083971180154 29.976506326671, -90.084611460167 29.976951883598, -90.085513555642 29.977573082736, -90.085960513762 29.977876621416, -90.086074889122 29.977947053872, -90.086139206091 29.977984978428, -90.086199330783 29.97801480998, -90.086279361041 29.978042920103, -90.086401737903 29.978072096316, -90.086509305282 29.978097741565, -90.086610672182 29.978121908794, -90.087123985669 29.978238500599, -90.087390562965 29.978299049132, -90.087706154192 29.978372266283, -90.087915618859 29.978420536186, -90.087994751238 29.978439694824, -90.088621328705 29.978899968113, -90.089878969189 29.979823789552, -90.090181899047 29.98006837112, -90.090511347835 29.980337629164, -90.090544273529 29.9803537831, -90.090553175769 29.980359607101, -90.090914081859 29.98064176699, -90.091474295413 29.981084712322, -90.091595418107 29.981178841776, -90.091687823848 29.981253542417, -90.09188683299 29.981410677735, -90.09225218802 29.981699120988, -90.092389107817 29.981807215281, -90.092407355758 29.981818659694, -90.092572446081 29.981922197904, -90.092736776669 29.982042019272, -90.092584651481 29.982187316488, -90.092524926095 29.982244340525, -90.092223870107 29.982531777768, -90.092148373082 29.982608100325, -90.091996775275 29.982742359538, -90.091768223268 29.982945039041, -90.091710260386 29.982996440445, -90.091671378535 29.983042903519, -90.091633978935 29.98308759687, -90.09156201099 29.98315925361, -90.091500345746 29.98321075262, -90.09143503686 29.983258728328, -90.091366352086 29.983302984766, -90.091294568284 29.983343344096, -90.091207932405 29.983385004981, -90.091139030631 29.983411884252, -90.091075989888 29.983434576553, -90.090893993273 29.983492782557, -90.090772172199 29.983539241965, -90.090700814889 29.983570373459, -90.090631899099 29.983605427372, -90.090565708544 29.98364425752, -90.090482740197 29.98369861796, -90.090403987938 29.9837575401, -90.090329784389 29.983820778979, -90.090260439654 29.983888066864, -90.090196246385 29.983959123231, -90.090137471562 29.984033648364, -90.089979437698 29.98432491601, -90.089914323421 29.984419351854, -90.089812058336 29.984567667477, -90.089752740743 29.984660737906, -90.089689527465 29.984765177397, -90.08966586505 29.984806775443, -90.089646218624 29.98484654744, -90.089622461038 29.984904087752, -90.089602702291 29.984962174699, -90.089584653997 29.985022887934, -90.089585414714 29.985023469838, -90.08957275503 29.985068359385, -90.089547977853 29.985174913207, -90.089534255328 29.985254668115, -90.089520146608 29.985357247403, -90.089499692831 29.985484524613, -90.089479765336 29.985595358376, -90.089453483862 29.985725036354, -90.089436185585 29.985785592447, -90.089413615917 29.985853394994, -90.089383571934 29.985931478999, -90.089357445355 29.985991127918, -90.08931670122 29.986073131084, -90.089277454757 29.986143074853, -90.089230620471 29.98621718914, -90.089174885977 29.98629607685, -90.089075066647 29.986421232404, -90.089029719715 29.986473548553, -90.088963329037 29.986542672636, -90.088882471844 29.986617206778, -90.088791451407 29.986693736127, -90.088698452267 29.986768441357, -90.088629326474 29.986835372272, -90.088572573346 29.986895327787, -90.088513199826 29.986963608563, -90.088450570679 29.98704253091, -90.088414334185 29.987101085265, -90.088391269286 29.987143300436, -90.08836821157 29.987192993289, -90.088345254666 29.987251546914, -90.088325344451 29.987312953307, -90.088305414086 29.987395236028, -90.088292063324 29.9874784823, -90.088286643597 29.987543767263, -90.088285986167 29.98759901133, -90.088291561887 29.9876838089, -90.088303907715 29.987769590772, -90.088313223251 29.987814586092, -90.08831987167 29.987833207687, -90.088342794626 29.987899035002, -90.088353474417 29.988017163817, -90.088353049844 29.988037146729, -90.088356486606 29.988098182986, -90.088357588497 29.988152227492, -90.088356561801 29.988206999808, -90.088351852142 29.988283735269, -90.08834194142 29.988369872312, -90.088321362085 29.98847473782, -90.088303952158 29.988543896286, -90.088278172629 29.988629606242, -90.088227791022 29.988776932607, -90.088120899512 29.989095611217, -90.088072035549 29.989270023949, -90.088053712685 29.989295725433, -90.088030870915 29.989318521413, -90.08800410745 29.989337813048, -90.087974121932 29.989353099003, -90.087941697754 29.98936397708, -90.08790768316 29.989370163884, -90.087872968414 29.989371497318, -90.087783925079 29.98935400788, -90.087651320985 29.989330631469, -90.087144771464 29.989223017741, -90.086948343663 29.989188598555, -90.086852135782 29.989233970637, -90.086657442232 29.989221924504, -90.086015046046 29.98919236025, -90.085961594272 29.989189900423, -90.084200724152 29.989104231675, -90.084122469655 29.98910042419, -90.08334358657 29.989062196593, -90.083277868891 29.989058971399, -90.082491151094 29.989020975614, -90.082400770095 29.989016609779, -90.082400801382 29.989016924952, -90.082329983101 29.989013560589, -90.080852059647 29.988943331112, -90.080774959323 29.988939658025, -90.079989187083 29.988899297856, -90.079375240561 29.988870238202, -90.079316099839 29.988867301945, -90.078597724336 29.988829896939, -90.078539692217 29.988826830153, -90.077928521867 29.988798856636, -90.077862894904 29.988795366151, -90.077165366555 29.988759008364, -90.077089198289 29.988754837668, -90.076141996288 29.988711089459, -90.076080123267 29.988708021895, -90.076080069035 29.988709117578, -90.076012960171 29.988705455028, -90.075569787387 29.988681270253, -90.075450344757 29.988677267936, -90.075390600118 29.988678102652, -90.075365614518 29.988679431031, -90.075330904748 29.988681276374, -90.075147643977 29.98869785256, -90.075005167499 29.988708393647, -90.074795425873 29.988731108445, -90.074703706684 29.988748480737, -90.074610192235 29.988673053864, -90.074594423278 29.988652156447, -90.074564951677 29.988613100667, -90.074517985341 29.988550860956, -90.074424095675 29.988426436925, -90.07438609742 29.988308962209, -90.074361473443 29.98824362677, -90.074250042078 29.987927607385, -90.074231612693 29.987866403806, -90.0742224214 29.987835878477, -90.07420705281 29.987791984457, -90.074187754579 29.987749283477, -90.074184851526 29.987743537414, -90.073970103766 29.987359329986, -90.073959749767 29.987340786768, -90.073932680021 29.987292304827, -90.073846980071 29.987143415515, -90.073734492616 29.986945888967, -90.073701464337 29.986888982732, -90.073673447681 29.986839833948, -90.07339699681 29.986354854777, -90.073350613109 29.986274938408, -90.073132519061 29.985899169318, -90.073025270819 29.985715386214, -90.072848420274 29.985412329252, -90.072736035076 29.9852238331, -90.072672352918 29.985113155482, -90.072563416646 29.984913987315, -90.072485578515 29.98477167556, -90.072386119051 29.984598555895, -90.072310745043 29.984468450363, -90.072301297621 29.984451370071, -90.072208496442 29.984286377224, -90.072088608769 29.984076849915, -90.072069387288 29.984041731612, -90.072003648432 29.983921621927, -90.071972146603 29.983864064902, -90.07190308437 29.983737883825, -90.071789005671 29.983536323489, -90.071751078891 29.983469311769, -90.071653169473 29.983300358385, -90.071745351054 29.983196005633, -90.071747200538 29.983193911253, -90.071953542229 29.982960324426, -90.0722648572 29.98260790062, -90.072363560933 29.982497196014, -90.072400627742 29.982455888207, -90.073120141261 29.981653494849, -90.073830167007 29.980854278248, -90.07455456316 29.980056507106, -90.075268043543 29.979252060364, -90.075979081305 29.978450148754, -90.076700594296 29.977645263966, -90.077001566372 29.97730856339, -90.077504988142 29.976744743552, -90.077680625931 29.976547963307, -90.078039390524 29.976146773058, -90.078151417717 29.976020660311, -90.078213055623 29.975951272494, -90.07843303485 29.975702199824, -90.078717813697 29.97537247483, -90.079418705028 29.974568784289, -90.080027645074 29.973871158729, -90.080086527569 29.973803699822)))",198,ZONE 12
"MULTIPOLYGON (((-90.100898643017 29.983825033869, -90.100973885171 29.983761654464, -90.101262857133 29.983424697637, -90.101496446479 29.983164507984, -90.101826749031 29.982790923079, -90.102521874907 29.982011869701, -90.103442178351 29.982629905087, -90.104373935154 29.983252449972, -90.104882809404 29.983591638471, -90.10495168093 29.983643839579, -90.10497516595 29.983716845458, -90.104012298465 29.983959130153, -90.103929374888 29.983979410787, -90.103810222769 29.984005117249, -90.10367159155 29.984027807748, -90.103514873618 29.984047019762, -90.103387685473 29.984052527612, -90.103211272344 29.98405052715, -90.102879784455 29.984034330275, -90.102723998118 29.984000697022, -90.102232211866 29.983941550754, -90.102174997239 29.983935912636, -90.101770348279 29.983902670441, -90.101036045824 29.983837129865, -90.100898643017 29.983825033869)))",199,ZONE 17
"MULTIPOLYGON (((-90.120933531159 29.943322592499, -90.121269066042 29.942902110061, -90.121566300279 29.942520327737, -90.122308792436 29.942959666467, -90.122939365519 29.942162001582, -90.123575847571 29.941356071305, -90.122929184981 29.940971575208, -90.122835232121 29.940915845592, -90.123470736498 29.940105207969, -90.12308261227 29.939874034749, -90.122745260294 29.939680880879, -90.12278731312 29.93961867052, -90.12329527558 29.938925705718, -90.123635359576 29.938462804847, -90.124145482593 29.937768294878, -90.124553425882 29.937213182624, -90.125011730725 29.936588518958, -90.125349221584 29.936113197774, -90.125459180353 29.93619174464, -90.126007586618 29.936585077433, -90.126157464165 29.936688836415, -90.126214068969 29.936728023378, -90.126862736899 29.937187552037, -90.126895718208 29.937210916267, -90.126926131762 29.937232462417, -90.126973186486 29.937265796251, -90.1273301403 29.937522333445, -90.127622952565 29.937738410693, -90.127682182765 29.937782118661, -90.127711920748 29.937803534829, -90.128228540882 29.938178448345, -90.128327315659 29.93825962495, -90.1283850141 29.938307043851, -90.128576120884 29.938450352222, -90.128691913943 29.938542447929, -90.129491086788 29.939189674197, -90.13024139501 29.939800116937, -90.130996300885 29.940410785846, -90.131040885912 29.940446851912, -90.131810688397 29.941066948656, -90.131852312753 29.941100478313, -90.132616342005 29.941725619555, -90.132658850016 29.941760400279, -90.132959416672 29.942004355258, -90.132984995333 29.94202441771, -90.13336955283 29.942326049386, -90.133646378662 29.942557609799, -90.133753474059 29.942647193722, -90.133789331547 29.942677187583, -90.133892458876 29.942761219915, -90.134096943338 29.942927840875, -90.134134812214 29.942953750559, -90.134238913432 29.9430249772, -90.134350708816 29.943101467976, -90.134285478903 29.94316231137, -90.134215640066 29.943227453327, -90.134166335105 29.943273442326, -90.133971314369 29.943457639232, -90.133517337426 29.943875889795, -90.133515941702 29.943877205141, -90.132817313877 29.944535464685, -90.132768774192 29.944581199405, -90.132666723143 29.944676276526, -90.132494059521 29.944837140766, -90.132107527523 29.945197255535, -90.132060513844 29.945240354096, -90.132004954082 29.94529250692, -90.131523141335 29.945743512474, -90.13130516923 29.945947545934, -90.130598288622 29.946612409274, -90.130548939007 29.946658730342, -90.12979152017 29.947369214774, -90.12978625258 29.947374155888, -90.129241642343 29.94788099657, -90.129041497059 29.948070847694, -90.129005253737 29.948105227218, -90.128353113164 29.948714788794, -90.128284151591 29.948779991596, -90.128188614487 29.948700176505, -90.128089181018 29.948617106518, -90.127747182775 29.948335630062, -90.1276144405 29.948226376916, -90.127323537136 29.947986963663, -90.126565315681 29.947383789514, -90.125760000287 29.946730646534, -90.124943539585 29.946070421915, -90.124200885182 29.945460019048, -90.123256416813 29.944696076586, -90.122494852 29.944247768541, -90.121752046982 29.943810645821, -90.121673910319 29.943764298942, -90.120933531159 29.943322592499)))",195,ZONE 6
"MULTIPOLYGON (((-90.110063201735 29.939767216356, -90.110081096872 29.939695337253, -90.110154010858 29.939710696198, -90.110982945544 29.93987472641, -90.111063684645 29.939892837162, -90.111614912506 29.940008351664, -90.111835107233 29.940054343664, -90.111984191349 29.940082083567, -90.112004567329 29.940132934528, -90.111796694421 29.940921523539, -90.111776135734 29.940992567023, -90.111405357551 29.942367793076, -90.111303778749 29.942307082569, -90.110632419105 29.941914638214, -90.110536396937 29.9418565555, -90.110429513703 29.9417919028, -90.10970986696 29.941379374172, -90.109640742387 29.941339004438, -90.109662383418 29.941256449913, -90.109817147601 29.940680320949, -90.10983686407 29.940603556124, -90.109853815129 29.940537560718, -90.110063201735 29.939767216356)))",193,ZONE 16
"MULTIPOLYGON (((-90.070600003435 29.922865363593, -90.070784565526 29.922733636439, -90.071313277353 29.923351409265, -90.071318088417 29.923362471672, -90.071600471673 29.923693933917, -90.071609366372 29.923704375047, -90.0716290807 29.923727514207, -90.072412972784 29.924647633301, -90.072457802645 29.924699575014, -90.072724857237 29.925008849884, -90.073272116678 29.925640020683, -90.073303296595 29.925675980941, -90.073457354313 29.925852791627, -90.073955558867 29.926436320954, -90.073990614068 29.926477379658, -90.074481199693 29.927047654159, -90.07464242103 29.927235061875, -90.074677409177 29.927275732688, -90.075269902359 29.927964656192, -90.075327225494 29.928030937317, -90.076017528805 29.928829098195, -90.076053181045 29.928870093457, -90.076364536306 29.929228944691, -90.076516502413 29.929404090465, -90.076720238297 29.929638901569, -90.07677203312 29.929698597075, -90.077013398987 29.929981692715, -90.077425867135 29.930465465238, -90.077459038044 29.930504370304, -90.077996561689 29.931125302654, -90.078111994652 29.931257665078, -90.078125357996 29.931272988848, -90.078683465452 29.931918601171, -90.078718829896 29.931959509923, -90.079595926596 29.932978899794, -90.079649403173 29.933041051569, -90.079886918638 29.93331571062, -90.079969127311 29.933410775076, -90.080259209632 29.933749453908, -90.080411517318 29.933927276019, -90.080529753728 29.934065318087, -90.080588693989 29.934126944966, -90.080651933743 29.934193067065, -90.080036705722 29.934595897614, -90.079800198903 29.934747035958, -90.079703446782 29.93481037353, -90.079650285445 29.934845174792, -90.079117512184 29.935194895733, -90.078894963239 29.935336302358, -90.078820660256 29.935395802331, -90.078775974743 29.935431443744, -90.07824694007 29.935853395965, -90.077784390237 29.93623117768, -90.077668881634 29.936334686081, -90.077183746267 29.936988052701, -90.077147873472 29.937037228149, -90.076698232579 29.937653599435, -90.076637657391 29.937734827782, -90.076158960595 29.938376807352, -90.076121644366 29.938426921481, -90.075994995675 29.938597004848, -90.075775149824 29.93889345315, -90.075610110807 29.939116297869, -90.075582880181 29.939153065043, -90.075563422781 29.939179337809, -90.075511463273 29.93924949645, -90.075278804274 29.939565171538, -90.07509570173 29.939814706764, -90.075060970344 29.939861680293, -90.074924240789 29.940046606235, -90.074638331696 29.940431620546, -90.074582301519 29.940507790226, -90.074548459964 29.940552593249, -90.074456713998 29.94067405862, -90.074402793235 29.940747888176, -90.074371929827 29.940790147395, -90.073964457297 29.941345847272, -90.073928034618 29.941395002144, -90.073666191901 29.94174836715, -90.073550481998 29.941902260443, -90.073546048264 29.941908157365, -90.073432996342 29.942058514906, -90.073392770199 29.942112014433, -90.073362117445 29.942152783146, -90.073328288977 29.942197774548, -90.073257357202 29.942292112599, -90.073203555597 29.942363667383, -90.07302312772 29.942261152021, -90.072965785639 29.942228571773, -90.072572398982 29.942023963721, -90.072226896881 29.941853851877, -90.072116381804 29.941803903406, -90.072058605887 29.941783561849, -90.071927847053 29.94174397072, -90.071681375293 29.941672370333, -90.071631553376 29.941658107394, -90.071207514939 29.941536710714, -90.071170856957 29.941526216181, -90.071063126062 29.941495373875, -90.070886902716 29.941423646566, -90.070738756571 29.941345150175, -90.070731981313 29.941341560144, -90.070682584914 29.941315386983, -90.070598405693 29.941270783953, -90.070442658343 29.941176724789, -90.070370672636 29.941133250956, -90.070012498945 29.940916941014, -90.069749453051 29.940756516599, -90.069646414272 29.940689750791, -90.069398302671 29.94052515103, -90.069111838449 29.94034091875, -90.069050120838 29.940299508804, -90.068978228811 29.940254216197, -90.068905280253 29.940211126565, -90.068841268078 29.940175695198, -90.068756358592 29.940132043919, -90.068680456281 29.940096676826, -90.068621320926 29.940071094956, -90.068254250621 29.939923944363, -90.068202118883 29.939903225901, -90.067361678451 29.939676077306, -90.067170667314 29.939559075805, -90.066993398565 29.939500417284, -90.066984170631 29.939497387192, -90.066153252071 29.939224489159, -90.065936402825 29.93916232264, -90.065740548613 29.939166242513, -90.065585158607 29.939169352049, -90.065500161057 29.939171052911, -90.065412520663 29.939167876956, -90.065359942156 29.93916152558, -90.065245371202 29.939151226695, -90.065222184676 29.939149141905, -90.065109700689 29.939142139016, -90.064573509265 29.939122547972, -90.064401755261 29.939108753805, -90.064347385358 29.939104386794, -90.064293420091 29.939100052536, -90.064250793878 29.939096628815, -90.060876214542 29.939004198664, -90.060876214204 29.937613225763, -90.061135111153 29.93478635096, -90.061290448877 29.93361968094, -90.062481373876 29.930523451058, -90.063258064051 29.928907988793, -90.065950589645 29.9260808666, -90.070094540298 29.923214956714, -90.070600003435 29.922865363593)))",188,ZONE 1
"MULTIPOLYGON (((-90.114616239081 29.940098257473, -90.114702237152 29.939848991293, -90.114726610781 29.939908265042, -90.114757360612 29.93996524574, -90.114794206034 29.940019414711, -90.114836812265 29.940070278037, -90.114884790269 29.940117372878, -90.114937705006 29.940160271152, -90.114995072283 29.940198582216, -90.115056371159 29.94023195569, -90.115157500334 29.940266711133, -90.115390232483 29.940361553295, -90.115773240493 29.940507447961, -90.115882499277 29.94054890312, -90.116542843468 29.940815268058, -90.116638879126 29.940858849535, -90.116715318697 29.940893537841, -90.11704273719 29.941037200477, -90.117249067479 29.941127732506, -90.117288071849 29.941147272536, -90.117402912485 29.941204803341, -90.117484554386 29.941256214207, -90.117533118055 29.941285061446, -90.118422415666 29.941814675242, -90.118507777527 29.941867201579, -90.11883305927 29.942067736099, -90.119122499602 29.942241944112, -90.119567727883 29.942509913488, -90.119649861334 29.942561716376, -90.119735381702 29.942609661861, -90.119815160658 29.942654388426, -90.120332982771 29.942966038297, -90.120335462327 29.942967530882, -90.120933531159 29.943322592499, -90.121305748032 29.943544751049, -90.121622883468 29.94373403213, -90.121673910319 29.943764298942, -90.121752046982 29.943810645821, -90.121114064831 29.944620888659, -90.12047687651 29.945426503707, -90.120267004352 29.945699403742, -90.119842017404 29.946228433524, -90.119211836463 29.947035516363, -90.118580614864 29.94783677896, -90.117941797574 29.94864482889, -90.117307492408 29.949449712724, -90.116673445285 29.950251964104, -90.116123565756 29.95094904555, -90.116083900764 29.950852657556, -90.11582377189 29.950220531401, -90.115711312222 29.949949186932, -90.115704003732 29.949931552984, -90.115625316882 29.949749123038, -90.115552537852 29.949578909707, -90.115520687733 29.949504418662, -90.115369091019 29.949149868431, -90.115363357351 29.949140217488, -90.115306279056 29.948994706092, -90.115243488922 29.948834631304, -90.114994370826 29.94825224469, -90.114927104797 29.948094990139, -90.114878873688 29.947984140933, -90.114780047513 29.947747858653, -90.114639732095 29.947417559983, -90.11435727979 29.946722094092, -90.114335255878 29.946671431297, -90.114273293563 29.946528898386, -90.114194382005 29.94633824339, -90.114159605594 29.946254220807, -90.113995020987 29.945868902508, -90.113992705808 29.945863624688, -90.113943009777 29.945750322794, -90.113919824846 29.945697463968, -90.113548923849 29.944800898481, -90.113509458088 29.944715056644, -90.113382686243 29.944427543723, -90.11336755626 29.94439149305, -90.113252528466 29.944108176862, -90.113146896432 29.943831561911, -90.113122162889 29.943775117551, -90.113093888368 29.943719949475, -90.113208649964 29.943701381347, -90.113234493207 29.943646900112, -90.113514389509 29.942942901085, -90.114270760934 29.941013076239, -90.11429334853 29.940948033842, -90.114616239081 29.940098257473)))",194,ZONE 3
"MULTIPOLYGON (((-90.055584937727 29.960472640291, -90.056119758129 29.960292357554, -90.056571912396 29.960036171819, -90.057401620274 29.959506785374, -90.058439521954 29.958783981056, -90.059288533029 29.958205912356, -90.061526531035 29.955768395363, -90.062235648767 29.954423520143, -90.062375466016 29.953724577862, -90.062241492989 29.950627278504, -90.062492334096 29.950600829236, -90.06376339838 29.951062674002, -90.06381018795 29.951120610976, -90.064063523277 29.951299114163, -90.065311341398 29.952144519543, -90.065556616287 29.952291541835, -90.065687504578 29.952362370122, -90.065986571647 29.952565294028, -90.066368829668 29.952823719505, -90.06664217919 29.953010065719, -90.067373651867 29.953503174578, -90.067818754028 29.953807266656, -90.067860616641 29.953835866611, -90.068258747499 29.954105833353, -90.069153031313 29.954713405727, -90.07004448796 29.95531812346, -90.070941681276 29.95592411526, -90.071866839684 29.956550992903, -90.071998070741 29.956639509842, -90.071869269321 29.956782512468, -90.071306003106 29.957412258081, -90.070589934225 29.958216124791, -90.069934176645 29.958962192571, -90.069230493538 29.959737004531, -90.068512386295 29.960531706265, -90.068152795692 29.960949328972, -90.067736078096 29.961415037666, -90.067031482701 29.962206188344, -90.066303187492 29.963021377902, -90.065598085399 29.963808613934, -90.064908968613 29.964582500261, -90.064213186924 29.965370455721, -90.063722647978 29.965903135738, -90.063610413723 29.966025425251, -90.063480258027 29.965936369152, -90.062987505805 29.965597587274, -90.062659377754 29.965371385179, -90.062572393057 29.96531134831, -90.061683180594 29.964693633393, -90.060782230545 29.964074151337, -90.059877560889 29.963451296833, -90.058976485155 29.962827498148, -90.0579727413 29.962135079756, -90.057626368831 29.961895464905, -90.05707225324 29.961514167731, -90.056866014709 29.961357492937, -90.055584937727 29.960472640291)))",200,ZONE 2
"MULTIPOLYGON (((-90.088966317484 29.922979998784, -90.090062939033 29.922584842713, -90.090720450691 29.922388804457, -90.090999480841 29.922308967186, -90.091652869257 29.922121284215, -90.092584696707 29.921849915545, -90.093170085418 29.921682181572, -90.093268393944 29.921655579548, -90.09336023111 29.921630728127, -90.093604910973 29.921582063813, -90.09412144903 29.921478793357, -90.094894220163 29.921322612421, -90.094988003883 29.921311361267, -90.09575502626 29.921244795604, -90.096855474225 29.921161716773, -90.097982789539 29.921078114183, -90.099125894557 29.920992594824, -90.100234165141 29.920905284607, -90.101367847749 29.920819793707, -90.10160782491 29.920801982697, -90.101708862548 29.921785916647, -90.101811728582 29.922809946317, -90.101816913245 29.922877548361, -90.101894233328 29.923641499384, -90.10196983393 29.924321598164, -90.10204348853 29.925018470899, -90.102113111946 29.925712901351, -90.102180503676 29.92639351934, -90.102197667587 29.92657121693, -90.10195542137 29.926590822273, -90.10115962608 29.92665415046, -90.100816916314 29.926679254563, -90.099717620031 29.926770040445, -90.0989353153 29.926832089573, -90.098581019993 29.926860707911, -90.098194546407 29.926890168097, -90.097537970714 29.926936159514, -90.097451976812 29.926942440446, -90.096817730454 29.92699090987, -90.096455097491 29.927021476842, -90.096087486182 29.927047203353, -90.095830862443 29.927068164425, -90.095617664815 29.927092181638, -90.095387443518 29.927126155001, -90.095182735795 29.927159964806, -90.094878455477 29.927216238927, -90.094800584643 29.927233643302, -90.094652053419 29.927266839861, -90.094255665378 29.927365551309, -90.093710923238 29.927530866486, -90.092812936971 29.927858109189, -90.092638999995 29.927918216496, -90.092283448389 29.928046396856, -90.091543210888 29.928310031356, -90.091463598653 29.92814718979, -90.091190507081 29.927589029345, -90.091165565073 29.927538833771, -90.09089296088 29.926967166346, -90.090852743707 29.926882071648, -90.09068100842 29.926531522985, -90.090579859216 29.926327379905, -90.090282701908 29.925686623629, -90.090259053404 29.925637349533, -90.089912587891 29.924915449865, -90.089889084678 29.924866265486, -90.089673506847 29.924415134439, -90.089606585819 29.924280138027, -90.089480166455 29.924025117409, -90.089433213097 29.923931785222, -90.089302145083 29.923665545433, -90.089236840643 29.923532891851, -90.089163876162 29.923383183105, -90.089008980776 29.923065364482, -90.088996265274 29.923041731178, -90.088966317484 29.922979998784)))",190,ZONE 9
